ID,Full Name,Name,Prefix,Suffix,Sex,Birth Date,Sire ID,Dam ID,Owner CTU ID,Owned
CTC565,MM O14-F5,O14-F5,MM,,Female,2025-08-21,CTC14,CTC523,CTU1,No
CTC564,MM O14-F6,O14-F6,MM,,Female,2025-08-21,CTC14,CTC523,CTU1,No
CTC522,MM Violet,Violet,MM,,Female,2025-08-21,CTC14,CTC523,CTU5,No
CTC151,MM Nayeli,Nayeli,MM,,Female,2025-08-10,CTC69,CTC70,CTU2,Yes
CTC518,MM Nani,Nani,MM,,Female,2025-08-10,CTC69,CTC70,CTU1,No
CTC25,MM Nolan,Nolan,MM,,Male,2025-08-10,CTC69,CTC70,CTU2,Yes
CTC519,FS Tinkerbell,Tinkerbell,FS,,Female,2025-08-10,,,CTU2,Yes
CTC150,MM Maddox,Maddox,MM,,Female,2025-08-09,CTC61,CTC68,CTU2,Yes
CTC672,MM Binx,Binx,MM,,Male,2025-08-09,CTC61,CTC68,CTU24,Yes
CTC517,MM Remy,Remy,MM,,Male,2025-08-09,CTC61,CTC68,CTU5,No
CTC24,MM Mickah,Mickah,MM,,Male,2025-08-09,CTC61,CTC68,CTU1,No
CTC149,MM Leah,Leah,MM,,Female,2025-08-07,CTC66,CTC67,CTU2,No
CTC148,MM London,London,MM,,Female,2025-08-07,CTC66,CTC67,CTU2,No
CTC22,MM Laszlo,Laszlo,MM,,Male,2025-08-07,CTC66,CTC67,CTU2,No
CTC23,MM Legend,Legend,MM,,Male,2025-08-07,CTC66,CTC67,CTU2,No
CTC562,MM Lilo,Lilo,MM,,Female,2025-08-07,CTC66,CTC67,CTU1,No
CTC147,MM Lainey,Lainey,MM,,Female,2025-08-07,CTC66,CTC67,CTU2,Yes
CTC144,MF Daifuku,Daifuku,MF,,Female,2025-08-06,CTC330,CTC184,CTU2,Yes
CTC514,MF Destiny,Destiny,MF,,Female,2025-08-06,CTC330,CTC184,CTU5,No
CTC515,MF Donut,Donut,MF,,Female,2025-08-06,CTC330,CTC184,CTU1,No
CTC516,MM Kiara,Kiara,MM,,Female,2025-08-06,CTC65,CTC331,CTU5,Yes
CTC20,MF Daikon Marion,Daikon,MF,Marion,Male,2025-08-06,CTC330,CTC184,CTU2,No
CTC21,MM Knox,Knox,MM,,Male,2025-08-06,CTC65,CTC331,CTU24,Yes
CTC146,MM Kadee,Kadee,MM,,Female,2025-08-06,CTC65,CTC331,CTU2,Yes
CTC145,MM Keira,Keira,MM,,Female,2025-08-06,CTC65,CTC331,CTU2,Yes
CTC142,MM Jazlin,Jazlin,MM,,Female,2025-08-04,CTC314,CTC77,CTU2,Yes
CTC143,MM Jaylee,Jaylee,MM,,Female,2025-08-04,CTC314,CTC77,CTU2,No
CTC19,DA Wonder,Wonder,DA,,Male,2025-08-03,CTC63,CTC64,CTU5,Yes
CTC512,MM Indie,Indie,MM,,Female,2025-08-03,CTC56,CTC513,CTU5,Yes
CTC511,MM Harriet,Harriet,MM,,Female,2025-07-27,CTC504,CTC488,CTU5,Yes
CTC141,MM Ginny,Ginny,MM,,Female,2025-07-25,CTC329,CTC328,CTU2,Yes
CTC510,MM Neytiri,Neytiri,MM,,Female,2025-07-25,CTC329,CTC328,CTU2,No
CTC139,MM Femme,Femme,MM,,Female,2025-07-24,CTC61,CTC62,CTU2,Yes
CTC140,MM Fedora,Fedora,MM,,Female,2025-07-24,CTC61,CTC62,CTU2,No
CTC18,MM Fenno,Fenno,MM,,Male,2025-07-24,CTC61,CTC62,CTU1,No
CTC17,MM Fynn,Fynn,MM,,Male,2025-07-24,CTC61,CTC62,CTU1,No
CTC508,MM Duchess,Duchess,MM,,Female,2025-07-22,CTC61,CTC327,CTU5,Yes
CTC509,MM Alice,Alice,MM,,Female,2025-07-22,CTC61,CTC327,CTU1,No
CTC131,MM Emory,Emory,MM,,Female,2025-07-22,CTC14,CTC326,CTU2,No
CTC132,MM Emmy,Emmy,MM,,Female,2025-07-22,CTC14,CTC326,CTU2,No
CTC133,MM Dakota Marion,Dakota,MM,Marion,Female,2025-07-22,CTC61,CTC327,CTU2,No
CTC134,MM Dica,Dica,MM,,Female,2025-07-22,CTC61,CTC327,CTU2,Yes
CTC135,MM Deedee,Deedee,MM,,Female,2025-07-22,CTC61,CTC327,CTU2,Yes
CTC130,MM Cally,Cally,MM,,Female,2025-07-21,CTC11,CTC325,CTU9,Yes
CTC54,MM Bianco,Bianco,MM,,Male,2025-07-21,CTC53,CTC60,CTU2,Yes
CTC129,MF Bagel,Bagel,MF,,Female,2025-06-23,CTC321,CTC323,CTU2,No
CTC337,MF Almond,Almond,MF,,Female,2025-06-22,CTC330,CTC336,CTU5,Yes
CTC128,MM Zorica Marion,Zorica,MM,Marion,Female,2025-06-13,CTC61,CTC320,CTU2,No
CTC127,MM Yeva,Yeva,MM,,Female,2025-06-13,CTC316,CTC317,CTU2,Yes
CTC699,MM's (Silver) Spoon,(Silver) Spoon,MM's,,Female,2025-06-13,CTC316,CTC317,,CTU10,Yes
CTC126,MM Atari,Atari,MM,,Female,2025-06-10,CTC58,CTC59,CTU2,Yes
CTC16,MM Voltari,Voltari,MM,,Male,2025-05-18,CTC58,CTC59,CTU2,No
CTC707,MM's Bubbles,Bubbles,MM's,,Female,2025-05-17,CTC314,CTC315,CTU10,Yes
CTC124,MM Ursula,Ursula,MM,,Female,2025-05-17,CTC314,CTC315,CTU2,No
CTC125,MM Ultima,Ultima,MM,,Female,2025-05-17,CTC314,CTC315,CTU2,No
CTC526,MM Oscar,Oscar,MM,,Male,2025-05-17,CTC14,CTC473,CTU7,Yes
CTC527,MM Speedy Gonzales.,Speedy Gonzales.,MM,,Female,2025-05-17,CTC14,CTC473,CTU7,Yes
CTC507,MM Maribel,Maribel,MM,,Female,2025-05-17,CTC314,CTC315,CTU5,Yes
CTC123,MM Marla,Marla,MM,,Female,2025-05-16,CTC307,CTC308,CTU2,No
CTC329,MM Parker,Parker,MM,,Male,2025-05-15,CTC11,CTC306,CTU1,No
CTC122,MM Primrose,Primrose,MM,,Female,2025-05-15,CTC11,CTC306,CTU2,No
CTC698,MM's Lazuli (Lazeltje),Lazuli (Lazeltje),MM's,,Male,2025-05-15,CTC11,CTC306,CTU10,Yes
CTC66,MM Omega,Omega,MM,,Male,2025-05-14,CTC316,CTC317,CTU1,No
CTC116,M3 Mavi,Mavi,M3,,Female,2025-04-22,,,CTU2,No
CTC118,MM Myrrh,Myrrh,MM,,Female,2025-04-22,CTC305,CTC300,CTU2,Yes
CTC119,MM Manisha,Manisha,MM,,Female,2025-04-22,CTC305,CTC300,CTU2,No
CTC120,MM Meadow,Meadow,MM,,Female,2025-04-22,CTC305,CTC300,CTU2,No
CTC121,MM Melina,Melina,MM,,Female,2025-04-22,CTC305,CTC300,CTU2,No
CTC117,M3 Navy,Navy,M3,,Female,2025-04-22,,,CTU1,No
CTC506,MM Koda,Koda,MM,,Male,2025-04-22,CTC305,CTC300,CTU5,Yes
CTC115,MM Lottie,Lottie,MM,,Female,2025-04-19,CTC283,CTC297,CTU2,Yes
CTC114,MM Lexi,Lexi,MM,,Female,2025-04-19,CTC283,CTC297,CTU2,Yes
CTC113,MM Kenzie,Kenzie,MM,,Female,2025-04-17,CTC278,CTC296,CTU2,No
CTC112,MM Journey,Journey,MM,,Female,2025-04-17,CTC283,CTC284,CTU1,No
CTC111,MM Jimena,Jimena,MM,,Female,2025-04-17,CTC283,CTC284,CTU2,Yes
CTC110,MM Ivey,Ivey,MM,,Female,2025-04-16,CTC278,CTC280,CTU2,No
CTC109,MM Habiba Marion,Habiba,MM,Marion,Female,2025-04-14,CTC271,CTC270,CTU2,No
CTC108,MM Haidera,Haidera,MM,,Female,2025-04-14,CTC271,CTC270,CTU1,No
CTC53,MM Gianni,Gianni,MM,,Male,2025-04-12,CTC56,CTC57,CTU5,Yes
CTC504,MM Gryffin,Gryffin,MM,,Male,2025-04-12,CTC56,CTC57,CTU1,No